<?xml version="1.0" encoding="UTF-8" standalone="yes"?>
<addon id="plugin.video.dnatv4k" name="[COLOR darkorange]DNA[/COLOR] [COLOR lightblue]TV[/COLOR][COLOR crimson]4K[/COLOR]" version="2.0.9" provider-name="Team DNA">
    <requires>
		<import addon="xbmc.python" version="2.14.0"/>		
	</requires>
	<extension point="xbmc.python.pluginsource" library="addon.py">
		<provides>video</provides>
	</extension>
	<extension point="xbmc.service" library="server.py" start="startup" />
	<extension point="xbmc.addon.metadata">
		<platform>all</platform>
		<summary lang="en">[COLOR darkorange]DNA[/COLOR] [COLOR lightblue]TV[/COLOR][COLOR crimson]4K[/COLOR]</summary>
		<description lang="en">Entertainment For Kodi</description>
		<license>GNU General Public License, v2</license>
		<language></language>
	</extension>
</addon>